"ATF3","ATF4","BHLHE40","CEBPB","CEBPD","DDIT3","E2F1","E2F8","ELF3","FOS","FOSB","FOSL2","GATA5","HES1","HMGA1","HMGA2","JUN","JUNB","JUND","KLF10","KLF4","KLF5","KLF6","MAFF","MAFG","MAFK","MYBL2","RBPJL","SOX11","SOX4","SOX9","YBX1","Attr_Size"
1,1,1,0,1,0,0,0,0,1,1,1,0,1,0,0,1,1,1,0,0,0,1,0,0,0,0,0,0,0,1,0,2909
1,1,0,0,0,1,0,0,0,1,1,1,0,0,0,0,0,0,0,0,1,0,0,0,0,1,0,1,0,0,0,0,2730
1,1,1,0,1,0,0,0,0,1,1,1,0,1,1,1,1,1,1,0,0,0,1,0,0,0,0,0,0,0,1,1,433
1,1,1,0,1,0,1,1,0,1,1,1,0,1,0,0,1,1,1,0,0,0,1,0,0,0,1,0,0,0,1,0,2950
1,1,0,0,0,1,0,0,0,1,1,1,0,0,1,1,0,0,0,0,1,0,0,0,0,1,0,1,0,0,0,1,2728
1,1,0,0,0,1,1,1,1,1,1,1,1,0,0,0,0,0,0,0,1,0,0,0,0,1,1,1,0,0,0,0,154
1,1,0,0,0,1,1,1,0,1,1,1,0,0,0,0,0,0,0,0,1,0,0,0,0,1,1,1,0,0,0,0,2701
1,1,1,0,1,1,0,0,1,1,1,1,1,1,1,1,1,1,1,0,0,0,1,0,1,1,0,0,0,0,1,1,299
1,1,0,0,0,1,1,1,0,1,1,1,0,0,1,1,0,0,0,0,1,0,0,0,0,1,1,1,0,0,0,1,2647
1,1,0,0,0,1,0,0,1,1,1,1,1,0,1,1,0,0,0,0,1,0,0,0,0,1,0,1,0,0,0,1,162
1,1,0,1,1,1,1,1,1,1,1,0,1,0,1,1,0,1,0,1,1,0,0,0,0,1,1,1,1,1,1,1,37
1,1,0,1,1,1,1,1,0,1,1,0,0,0,0,0,0,1,0,1,1,0,0,0,0,1,1,1,0,1,1,0,98
1,1,0,0,0,1,0,0,1,1,1,1,1,0,0,0,0,0,0,0,1,0,0,0,0,1,0,1,0,0,0,0,115
1,1,0,0,0,1,1,1,1,1,1,1,1,0,1,1,0,0,0,0,1,0,0,0,0,1,1,1,0,0,0,1,134
1,1,0,1,1,1,0,0,0,1,1,0,0,0,0,0,0,1,0,1,1,0,0,0,0,1,0,1,0,1,1,0,125
1,1,1,0,1,0,1,1,0,1,1,1,0,1,1,1,1,1,1,0,0,0,1,0,0,0,1,0,0,0,1,1,503
1,1,1,0,1,1,0,0,0,1,1,1,0,1,1,1,1,1,1,0,0,0,1,0,1,1,0,0,0,0,1,1,158
1,1,1,0,1,1,1,1,0,1,1,1,0,1,1,1,1,1,1,0,0,0,1,0,1,1,1,0,0,0,1,1,169
1,1,0,1,1,1,0,0,1,1,1,0,1,0,1,1,0,1,0,1,1,0,0,0,0,1,0,1,1,1,1,1,38
1,1,1,0,1,1,1,1,1,1,1,1,1,1,1,1,1,1,1,0,0,0,1,0,1,1,1,0,0,0,1,1,273
0,1,0,0,0,0,0,0,1,0,0,0,1,0,1,1,0,0,1,0,0,0,1,0,1,1,0,1,0,0,0,1,2
1,1,0,1,1,1,0,0,0,1,1,0,0,0,1,1,0,1,0,1,1,0,0,0,0,1,0,1,0,1,1,1,113
1,1,0,1,1,1,1,1,0,1,1,0,0,0,1,1,0,1,0,1,1,0,0,0,0,1,1,1,0,1,1,1,97
0,0,0,0,0,0,1,1,0,0,0,0,0,0,1,1,0,0,0,0,0,0,0,0,0,0,1,1,0,0,0,1,6
1,1,0,1,1,1,0,0,1,1,1,0,1,0,0,0,0,1,0,1,1,0,0,0,0,1,0,1,1,1,1,0,29
1,1,0,1,1,1,1,1,1,1,1,0,1,0,0,0,0,1,0,1,1,0,0,0,0,1,1,1,1,1,1,0,37
0,0,0,0,0,0,0,0,1,0,0,0,1,0,1,1,0,0,0,0,0,0,0,0,0,0,0,1,0,0,0,1,6
0,0,0,0,0,0,1,1,0,0,0,0,0,0,1,1,0,0,1,0,0,0,1,0,0,0,1,1,0,0,0,1,2
0,0,0,0,0,0,1,1,0,0,0,0,0,0,0,0,0,0,0,0,0,0,0,0,0,0,1,1,0,0,0,0,7
0,0,0,0,0,0,1,1,1,0,0,0,1,0,0,0,0,0,0,0,0,0,0,0,0,0,1,1,0,0,0,0,9
0,0,0,0,0,0,0,0,0,0,0,0,0,0,1,1,0,0,0,0,0,0,0,0,0,0,0,1,0,0,0,1,7
0,0,0,0,0,0,0,0,0,0,0,0,0,0,0,0,0,0,0,0,0,0,0,0,0,0,0,1,0,0,0,0,5
1,0.5,0.5,0,0.5,0.5,0.5,0.5,0,1,1,1,0,0.5,0,0,0.5,0.5,0.5,0,0.5,1,0.5,0,0,0.5,0.5,0.5,0,0,0,0,9210
1,1,1,0,1,1,0,0,0.5,1,1,1,0.5,1,1,1,1,1,1,0,0,0,1,0,1,1,0,0,0,0,1,1,482
1,0.5,0.5,0,0.5,0.5,0,0,0,1,1,1,0,0.5,1,1,0.5,0.5,0.5,0,0.5,0.5,0.5,0,0.5,0.5,0,0.5,0,0,0,1,6093
1,0.5,0.5,0,0.5,0.5,0.5,0.5,0,1,1,1,0,0.5,1,1,0.5,0.5,0.5,0,0.5,0.5,0.5,0,0.5,0.5,0.5,0.5,0,0,0,1,6309
1,0.5,0.5,0,0.5,0.5,0.5,0.5,0,1,1,1,0,0.5,1,1,0.5,0.5,0.5,0,0.5,0.5,0.5,0,0.5,0.5,0.5,0.5,0,0,0,1,6062
1,0.5,0.5,0,0.5,0.5,1,1,0,1,1,1,0,0.5,0,0,0.5,0.5,0.5,0,0.5,1,0.5,0,0,0.5,1,0.5,0,0,0,0,9310
1,0.5,0.5,0,0.5,0.5,0.5,0.5,0,1,1,1,0,0.5,0,0,0.5,0.5,0.5,0,0.5,1,0.5,0,0,0.5,0.5,0.5,0,0,0,0,9255
1,1,1,0,1,0,0.5,0.5,0,1,1,1,0,1,0,0,1,1,1,0,0,0,1,0,0,0,0.5,0,0,0,1,0,6014
0.5,1,0.5,0,1,0.5,0,0,0,1,1,0.5,0,0.5,1,1,1,1,1,0,0,0,1,0,1,1,0,0,0,0,0.5,1,340
1,0.5,0.5,0,0.5,0.5,1,1,0.5,1,1,1,0.5,0.5,1,1,0.5,0.5,0.5,0,0.5,0.5,0.5,0,0.5,0.5,1,0.5,0,0,0,1,3613
1,1,0,0,0,0.5,1,1,0,1,0.5,0.5,0,0,0,0,0,0,0,0,1,0,0,0,0,1,1,1,0,0,0,0,1707
1,0.5,0.5,0,0.5,0.5,0,0,0.5,1,1,1,0.5,0.5,1,1,0.5,0.5,0.5,0,0.5,0.5,0.5,0,0.5,0.5,0,0.5,0,0,0,1,3782
1,1,0,0,0,0.5,0.5,0.5,0.5,1,0.5,0.5,0.5,0,0,0,0,0,0,0,1,0,0,0,0,1,0.5,1,0,0,0,0,281
1,1,0,0,0,0.5,0,0,0.5,1,0.5,0.5,0.5,0,0,0,0,0,0,0,1,0,0,0,0,1,0,1,0,0,0,0,990
1,0.5,0.5,0.5,0.5,0.5,0.5,0.5,0,1,1,1,0,0.5,0,0,0.5,0.5,0.5,0.5,0.5,1,0.5,0,0,0.5,0.5,0.5,0,0.5,0.5,0,705
1,1,0,0,0,1,0.5,0.5,0.5,1,1,1,0.5,0,1,1,0,0,0,0,1,0,0,0,0,1,0.5,1,0,0,0,1,1115
0.5,1,0.5,0,1,0.5,0.5,0.5,0.5,1,1,0.5,0.5,0.5,0,0,1,1,1,0,0,0,1,0,0,1,0.5,0,0,0,0.5,0,286
1,0.5,0.5,0,0.5,0.5,0.5,0.5,0.5,1,1,1,0.5,0.5,1,1,0.5,0.5,0.5,0,0.5,0.5,0.5,0,0.5,0.5,0.5,0.5,0,0,0,1,3732
1,1,0,0,0,1,0.5,0.5,0,1,1,1,0,0,1,1,0,0,0,0,1,0,0,0,0,1,0.5,1,0,0,0,1,5119
1,1,0,0,0,0.5,0,0,0,1,0.5,0.5,0,0,1,1,0,0,0,0,1,0,0,0,0,1,0,1,0,0,0,1,1609
1,1,0.5,0.5,0.5,0.5,1,1,0,1,0.5,0.5,0,0,1,1,0,0.5,0,0.5,1,0,0,0,0,1,1,1,0,0.5,0,1,711
1,0.5,0.5,0.5,0.5,0.5,0,0,0,1,1,1,0,0.5,0,0,0.5,0.5,0.5,0.5,0.5,1,0.5,0,0,0.5,0,0.5,0,0.5,0.5,0,701
1,0.5,0.5,0,0.5,0.5,0.5,0.5,0.5,1,1,1,0.5,0.5,1,1,0.5,0.5,0.5,0,0.5,0.5,0.5,0,0.5,0.5,0.5,0.5,0,0,0,1,3602
1,1,0.5,0.5,0.5,0.5,0.5,0.5,0.5,1,0.5,0.5,0.5,0,0,0,0,0.5,0,0.5,1,0,0,0,0,1,0.5,1,0.5,0.5,0,0,455
1,1,0.5,0.5,0.5,0.5,0,0,0.5,1,0.5,0.5,0.5,0,0,0,0,0.5,0,0.5,1,0,0,0,0,1,0,1,0.5,0.5,0,0,461
1,1,0,0,0,1,1,1,0.5,1,1,1,0.5,0,1,1,0,0,0,0,1,0,0,0,0,1,1,1,0,0,0,1,1144
1,1,1,0,1,0.5,0.5,0.5,0.5,1,1,1,0.5,1,1,1,1,1,1,0,0,0,1,0,0.5,0.5,0.5,0,0,0,1,1,852
1,1,0,0,0,1,0,0,0.5,1,1,1,0.5,0,0,0,0,0,0,0,1,0,0,0,0,1,0,1,0,0,0,0,1090
1,1,1,0,1,0.5,1,1,0,1,1,1,0,1,1,1,1,1,1,0,0,0,1,0,0.5,0.5,1,0,0,0,1,1,637
1,1,0,0,0,1,1,1,0.5,1,1,1,0.5,0,0,0,0,0,0,0,1,0,0,0,0,1,1,1,0,0,0,0,1049
1,1,0,0,0,1,0.5,0.5,0,1,1,1,0,0,0,0,0,0,0,0,1,0,0,0,0,1,0.5,1,0,0,0,0,5408
1,1,0.5,0.5,0.5,0.5,1,1,0.5,1,0.5,0.5,0.5,0,0,0,0,0.5,0,0.5,1,0,0,0,0,1,1,1,0,0.5,0,0,392
0.5,1,0.5,0,1,0.5,0,0,0.5,1,1,0.5,0.5,0.5,1,1,1,1,1,0,0,0,1,0,1,1,0,0,0,0,0.5,1,258
1,1,0,0,0,0.5,0.5,0.5,0,1,0.5,0.5,0,0,0,0,0,0,0,0,1,0,0,0,0,1,0.5,1,0,0,0,0,1698
1,1,0.5,0.5,0.5,0.5,1,1,0.5,1,0.5,0.5,0.5,0,1,1,0,0.5,0,0.5,1,0,0,0,0,1,1,1,0.5,0.5,0,1,455
1,1,0,0,0,0.5,0,0,0,1,0.5,0.5,0,0,0,0,0,0,0,0,1,0,0,0,0,1,0,1,0,0,0,0,1824
1,0.5,0.5,0,0.5,0.5,1,1,0,1,1,1,0,0.5,1,1,0.5,0.5,0.5,0,0.5,0.5,0.5,0,0.5,0.5,1,0.5,0,0,0,1,6294
1,1,0.5,0.5,0.5,0.5,0.5,0.5,0.5,1,0.5,0.5,0.5,0,0,0,0,0.5,0,0.5,1,0,0,0,0,1,0.5,1,0,0.5,0,0,423
1,1,0,0,0,0.5,0.5,0.5,0,1,0.5,0.5,0,0,0,0,0,0,0,0,1,0,0,0,0,1,0.5,1,0,0,0,0,1764
1,0.5,0.5,0,0.5,0.5,0.5,0.5,0.5,1,1,1,0.5,0.5,0,0,0.5,0.5,0.5,0,0.5,1,0.5,0,0,0.5,0.5,0.5,0,0,0,0,859
1,1,1,0,1,0.5,1,1,0.5,1,1,1,0.5,1,1,1,1,1,1,0,0,0,1,0,0.5,0.5,1,0,0,0,1,1,845
1,1,0,0,0,0.5,1,1,0,1,0.5,0.5,0,0,1,1,0,0,0,0,1,0,0,0,0,1,1,1,0,0,0,1,1557
1,1,0,0,0,1,0.5,0.5,0.5,1,1,1,0.5,0,0,0,0,0,0,0,1,0,0,0,0,1,0.5,1,0,0,0,0,1162
1,1,0.5,0.5,0.5,0.5,0.5,0.5,0.5,1,0.5,0.5,0.5,0,1,1,0,0.5,0,0.5,1,0,0,0,0,1,0.5,1,0,0.5,0,1,374
0.5,1,0.5,0,1,0.5,0,0,0.5,1,1,0.5,0.5,0.5,0,0,1,1,1,0,0,0,1,0,0,1,0,0,0,0,0.5,0,300
1,0.5,0.5,0,0.5,0.5,0,0,0,1,1,1,0,0.5,0,0,0.5,0.5,0.5,0,0.5,1,0.5,0,0,0.5,0,0.5,0,0,0,0,9101
1,1,0,0,0,0.5,0.5,0.5,0.5,1,0.5,0.5,0.5,0,0,0,0,0,0,0,1,0,0,0,0,1,0.5,1,0,0,0,0,1024
1,1,0,0,0,0.5,0.5,0.5,0.5,1,0.5,0.5,0.5,0,1,1,0,0,0,0,1,0,0,0,0,1,0.5,1,0,0,0,1,944
1,0.5,0.5,0.5,0.5,0.5,0.5,0.5,0.5,1,1,1,0.5,0.5,1,1,0.5,0.5,0.5,0.5,0.5,0.5,0.5,0,0.5,0.5,0.5,0.5,0,0.5,0.5,1,284
1,1,0.5,0.5,0.5,0.5,1,1,0.5,1,0.5,0.5,0.5,0,1,1,0,0.5,0,0.5,1,0,0,0,0,1,1,1,0,0.5,0,1,391
1,0.5,0.5,0,0.5,0.5,0,0,0.5,1,1,1,0.5,0.5,0,0,0.5,0.5,0.5,0,0.5,1,0.5,0,0,0.5,0,0.5,0,0,0,0,817
1,0.5,0.5,0.5,0.5,0.5,0.5,0.5,0,1,1,1,0,0.5,1,1,0.5,0.5,0.5,0.5,0.5,0.5,0.5,0,0.5,0.5,0.5,0.5,0,0.5,0.5,1,525
0.5,1,0.5,0,1,0,0.5,0.5,0,1,1,0.5,0,0.5,0,0,1,1,1,0,0,0,1,0,0,0.5,0.5,0,0,0,0.5,0,350
1,1,1,0,1,0,0.5,0.5,0,1,1,1,0,1,1,1,1,1,1,0,0,0,1,0,0,0,0.5,0,0,0,1,1,938
1,1,0,0,0,0.5,1,1,0.5,1,0.5,0.5,0.5,0,1,1,0,0,0,0,1,0,0,0,0,1,1,1,0,0,0,1,1007
1,0.5,0.5,0.5,0.5,0.5,1,1,0,1,1,1,0,0.5,1,1,0.5,0.5,0.5,0.5,0.5,0.5,0.5,0,0.5,0.5,1,0.5,0,0.5,0.5,1,508
1,1,1,0,1,0.5,0.5,0.5,0.5,1,1,1,0.5,1,1,1,1,1,1,0,0,0,1,0,0.5,0.5,0.5,0,0,0,1,1,752
1,1,0,0,0,0.5,0.5,0.5,0,1,0.5,0.5,0,0,1,1,0,0,0,0,1,0,0,0,0,1,0.5,1,0,0,0,1,1597
1,0.5,0.5,0.5,0.5,0.5,0.5,0.5,0,1,1,1,0,0.5,0,0,0.5,0.5,0.5,0.5,0.5,1,0.5,0,0,0.5,0.5,0.5,0,0.5,0.5,0,680
1,1,0,0,0,0.5,0,0,1,1,0.5,0.5,1,0,1,1,0,0,0,0,1,0,0,0,0,1,0,1,0,0,0,1,217
1,1,1,0,1,1,0.5,0.5,0.5,1,1,1,0.5,1,1,1,1,1,1,0,0,0,1,0,1,1,0.5,0,0,0,1,1,439
1,1,0,0,0,1,0.5,0.5,0.5,1,1,1,0.5,0,1,1,0,0,0,0,1,0,0,0,0,1,0.5,1,0,0,0,1,1186
1,1,0.5,0.5,0.5,0.5,0,0,0.5,1,0.5,0.5,0.5,0,1,1,0,0.5,0,0.5,1,0,0,0,0,1,0,1,0.5,0.5,0,1,400
1,1,0.5,0.5,0.5,0.5,0,0,1,1,0.5,0.5,1,0,1,1,0,0.5,0,0.5,1,0,0,0,0,1,0,1,0.5,0.5,0,1,198
1,1,1,0,1,1,1,1,0.5,1,1,1,0.5,1,1,1,1,1,1,0,0,0,1,0,1,1,1,0,0,0,1,1,442
0.5,1,0.5,0,1,0.5,0.5,0.5,0.5,1,1,0.5,0.5,0.5,0,0,1,1,1,0,0,0,1,0,0,1,0.5,0,0,0,0.5,0,288
1,0.5,0.5,0.5,0.5,0.5,0,0,0.5,1,1,1,0.5,0.5,1,1,0.5,0.5,0.5,0.5,0.5,0.5,0.5,0,0.5,0.5,0,0.5,0,0.5,0.5,1,320
1,1,0,0,0,0.5,0.5,0.5,0.5,1,0.5,0.5,0.5,0,1,1,0,0,0,0,1,0,0,0,0,1,0.5,1,0,0,0,1,335
1,1,0.5,0.5,0.5,0.5,0.5,0.5,0,1,0.5,0.5,0,0,0,0,0,0.5,0,0.5,1,0,0,0,0,1,0.5,1,0,0.5,0,0,712
0.5,1,0.5,0,1,0.5,0.5,0.5,0,1,1,0.5,0,0.5,1,1,1,1,1,0,0,0,1,0,1,1,0.5,0,0,0,0.5,1,287
1,1,0,0,0,1,0,0,0.5,1,1,1,0.5,0,1,1,0,0,0,0,1,0,0,0,0,1,0,1,0,0,0,1,1094
1,1,0,0,0,0.5,0,0,0.5,1,0.5,0.5,0.5,0,1,1,0,0,0,0,1,0,0,0,0,1,0,1,0,0,0,1,1012
1,1,0.5,0.5,0.5,0.5,0.5,0.5,0.5,1,0.5,0.5,0.5,0,0,0,0,0.5,0,0.5,1,0,0,0,0,1,0.5,1,0,0.5,0,0,420
1,0.5,0.5,0.5,0.5,0.5,1,1,0,1,1,1,0,0.5,0,0,0.5,0.5,0.5,0.5,0.5,1,0.5,0,0,0.5,1,0.5,0,0.5,0.5,0,721
1,1,0,0,0,0.5,0.5,0.5,0,1,0.5,0.5,0,0,1,1,0,0,0,0,1,0,0,0,0,1,0.5,1,0,0,0,1,1644
1,1,0.5,0.5,0.5,0.5,0,0,0.5,1,0.5,0.5,0.5,0,1,1,0,0.5,0,0.5,1,0,0,0,0,1,0,1,0,0.5,0,1,388
1,1,0,1,1,1,0,0,0.5,1,1,0,0.5,0,0,0,0,1,0,1,1,0,0,0,0,1,0,1,0.5,1,1,0,158
1,1,0.5,0.5,0.5,0.5,0,0,0,1,0.5,0.5,0,0,0,0,0,0.5,0,0.5,1,0,0,0,0,1,0,1,0,0.5,0,0,715
1,1,0,0,0,1,0.5,0.5,0.5,1,1,1,0.5,0,0,0,0,0,0,0,1,0,0,0,0,1,0.5,1,0,0,0,0,1089
1,1,0.5,0.5,0.5,0.5,0.5,0.5,0,1,0.5,0.5,0,0,0,0,0,0.5,0,0.5,1,0,0,0,0,1,0.5,1,0,0.5,0,0,703
1,0.5,0.5,0,0.5,0.5,1,1,0.5,1,1,1,0.5,0.5,0,0,0.5,0.5,0.5,0,0.5,1,0.5,0,0,0.5,1,0.5,0,0,0,0,899
1,1,1,0,1,0.5,0,0,0,1,1,1,0,1,1,1,1,1,1,0,0,0,1,0,0.5,0.5,0,0,0,0,1,1,700
1,0.5,0.5,0.5,0.5,0.5,0.5,0.5,0,1,1,1,0,0.5,1,1,0.5,0.5,0.5,0.5,0.5,0.5,0.5,0,0.5,0.5,0.5,0.5,0,0.5,0.5,1,591
1,1,0,1,1,1,0.5,0.5,0.5,1,1,0,0.5,0,1,1,0,1,0,1,1,0,0,0,0,1,0.5,1,0.5,1,1,1,148
1,1,0.5,0.5,0.5,0.5,1,1,1,1,0.5,0.5,1,0,0,0,0,0.5,0,0.5,1,0,0,0,0,1,1,1,0.5,0.5,0,0,208
1,0.5,0.5,0,0.5,0.5,0.5,0.5,0.5,1,1,1,0.5,0.5,0,0,0.5,0.5,0.5,0,0.5,1,0.5,0,0,0.5,0.5,0.5,0,0,0,0,929
1,1,0.5,0.5,0.5,0.5,1,1,0,1,0.5,0.5,0,0,0,0,0,0.5,0,0.5,1,0,0,0,0,1,1,1,0,0.5,0,0,724
0.5,1,0.5,0,1,0,0,0,0,1,1,0.5,0,0.5,0,0,1,1,1,0,0,0,1,0,0,0.5,0,0,0,0,0.5,0,317
1,1,0.5,0.5,0.5,0.5,0,0,0,1,0.5,0.5,0,0,1,1,0,0.5,0,0.5,1,0,0,0,0,1,0,1,0,0.5,0,1,663
1,1,0,0,0,0.5,1,1,0.5,1,0.5,0.5,0.5,0,0,0,0,0,0,0,1,0,0,0,0,1,1,1,0,0,0,0,1097
1,1,0,0,0,0.5,0.5,0.5,0.5,1,0.5,0.5,0.5,0,1,1,0,0,0,0,1,0,0,0,0,1,0.5,1,0,0,0,1,990
1,1,0.5,0.5,0.5,0.5,0.5,0.5,0.5,1,0.5,0.5,0.5,0,1,1,0,0.5,0,0.5,1,0,0,0,0,1,0.5,1,0,0.5,0,1,368
1,1,0,0,0,0.5,1,1,1,1,0.5,0.5,1,0,0,0,0,0,0,0,1,0,0,0,0,1,1,1,0,0,0,0,200
1,1,1,0,1,0.5,0.5,0.5,0,1,1,1,0,1,1,1,1,1,1,0,0,0,1,0,0.5,0.5,0.5,0,0,0,1,1,618
1,1,0,1,1,1,0.5,0.5,0.5,1,1,0,0.5,0,0,0,0,1,0,1,1,0,0,0,0,1,0.5,1,0.5,1,1,0,134
1,1,1,0,1,1,0.5,0.5,0.5,1,1,1,0.5,1,1,1,1,1,1,0,0,0,1,0,1,1,0.5,0,0,0,1,1,416
0.5,1,0.5,0,1,0.5,1,1,0.5,1,1,0.5,0.5,0.5,1,1,1,1,1,0,0,0,1,0,1,1,1,0,0,0,0.5,1,280
1,1,0.5,0.5,0.5,0.5,0.5,0.5,0,1,0.5,0.5,0,0,1,1,0,0.5,0,0.5,1,0,0,0,0,1,0.5,1,0,0.5,0,1,622
0.5,1,0.5,0,1,0,0.5,0.5,0.5,1,1,0.5,0.5,0.5,0,0,1,1,1,0,0,0,1,0,0,0.5,0.5,0,0,0,0.5,0,85
0.5,1,0.5,0,1,0.5,0.5,0.5,0.5,1,1,0.5,0.5,0.5,1,1,1,1,1,0,0,0,1,0,1,1,0.5,0,0,0,0.5,1,304
1,1,0,1,1,1,0.5,0.5,0,1,1,0,0,0,1,1,0,1,0,1,1,0,0,0,0,1,0.5,1,0,1,1,1,235
1,1,0,0,0,0.5,0,0,1,1,0.5,0.5,1,0,0,0,0,0,0,0,1,0,0,0,0,1,0,1,0,0,0,0,159
1,1,0,0,0,1,0.5,0.5,1,1,1,1,1,0,1,1,0,0,0,0,1,0,0,0,0,1,0.5,1,0,0,0,1,309
1,1,0,0,0,0.5,0.5,0.5,0.5,1,0.5,0.5,0.5,0,0,0,0,0,0,0,1,0,0,0,0,1,0.5,1,0,0,0,0,1019
1,1,0.5,0.5,0.5,0.5,0.5,0.5,0,1,0.5,0.5,0,0,1,1,0,0.5,0,0.5,1,0,0,0,0,1,0.5,1,0,0.5,0,1,643
0.5,1,0.5,0,1,0.5,1,1,0,1,1,0.5,0,0.5,1,1,1,1,1,0,0,0,1,0,1,1,1,0,0,0,0.5,1,266
1,1,1,0,1,0.5,0,0,0.5,1,1,1,0.5,1,1,1,1,1,1,0,0,0,1,0,0.5,0.5,0,0,0,0,1,1,873
1,1,0,1,1,1,0.5,0.5,0.5,1,1,0,0.5,0,0,0,0,1,0,1,1,0,0,0,0,1,0.5,1,0.5,1,1,0,125
1,0.5,0.5,0.5,0.5,0.5,0,0,0,1,1,1,0,0.5,1,1,0.5,0.5,0.5,0.5,0.5,0.5,0.5,0,0.5,0.5,0,0.5,0,0.5,0.5,1,474
1,1,1,0,1,1,0.5,0.5,0,1,1,1,0,1,1,1,1,1,1,0,0,0,1,0,1,1,0.5,0,0,0,1,1,322
1,1,0,0,0,0.5,0.5,0.5,1,1,0.5,0.5,1,0,0,0,0,0,0,0,1,0,0,0,0,1,0.5,1,0,0,0,0,200
1,1,0,0,0,0.5,0,0,0.5,1,0.5,0.5,0.5,0,1,1,0,0,0,0,1,0,0,0,0,1,0,1,0,0,0,1,318
1,1,0.5,0.5,0.5,0.5,0.5,0.5,0.5,1,0.5,0.5,0.5,0,1,1,0,0.5,0,0.5,1,0,0,0,0,1,0.5,1,0.5,0.5,0,1,388
1,1,0.5,0.5,0.5,0.5,0,0,1,1,0.5,0.5,1,0,0,0,0,0.5,0,0.5,1,0,0,0,0,1,0,1,0.5,0.5,0,0,192
1,1,0,0,0,0.5,1,1,0.5,1,0.5,0.5,0.5,0,0,0,0,0,0,0,1,0,0,0,0,1,1,1,0,0,0,0,290
1,1,1,0,1,0.5,0.5,0.5,0,1,1,1,0,1,1,1,1,1,1,0,0,0,1,0,0.5,0.5,0.5,0,0,0,1,1,665
0.5,1,0.5,0,1,0,0.5,0.5,0.5,1,1,0.5,0.5,0.5,0,0,1,1,1,0,0,0,1,0,0,0.5,0.5,0,0,0,0.5,0,71
1,1,0.5,0.5,0.5,0.5,1,1,0.5,1,0.5,0.5,0.5,0,0,0,0,0.5,0,0.5,1,0,0,0,0,1,1,1,0.5,0.5,0,0,490
1,1,0,1,1,1,0.5,0.5,0,1,1,0,0,0,0,0,0,1,0,1,1,0,0,0,0,1,0.5,1,0,1,1,0,235
1,1,0.5,0.5,0.5,0.5,1,1,1,1,0.5,0.5,1,0,1,1,0,0.5,0,0.5,1,0,0,0,0,1,1,1,0.5,0.5,0,1,201
1,1,1,0,1,1,0.5,0.5,1,1,1,1,1,1,1,1,1,1,1,0,0,0,1,0,1,1,0.5,0,0,0,1,1,542
0,0,0,0,0,0,0,0,0.5,0,0,0,0.5,0,1,1,0,0,0.5,0,0,0.5,0.5,0,0,0,0,1,0,0,0,1,6
1,1,0,1,1,1,1,1,0.5,1,1,0,0.5,0,0,0,0,1,0,1,1,0,0,0,0,1,1,1,0.5,1,1,0,135
1,1,0,0,0,0.5,1,1,0.5,1,0.5,0.5,0.5,0,1,1,0,0,0,0,1,0,0,0,0,1,1,1,0,0,0,1,327
0.5,1,0.5,0,1,0.5,0,0,1,1,1,0.5,1,0.5,1,1,1,1,1,0,0,0,1,0,1,1,0,0,0,0,0.5,1,78
1,1,0,0,0,0.5,0.5,0.5,0.5,1,0.5,0.5,0.5,0,1,1,0,0,0,0,1,0,0,0,0,1,0.5,1,0,0,0,1,320
0.5,1,0.5,0,1,0.5,0.5,0.5,1,1,1,0.5,1,0.5,0,0,1,1,1,0,0,0,1,0,0,1,0.5,0,0,0,0.5,0,69
1,1,0,0,0,0.5,0.5,0.5,1,1,0.5,0.5,1,0,0,0,0,0,0,0,1,0,0,0,0,1,0.5,1,0,0,0,0,191
1,0.5,0.5,0.5,0.5,0.5,1,1,0.5,1,1,1,0.5,0.5,1,1,0.5,0.5,0.5,0.5,0.5,0.5,0.5,0,0.5,0.5,1,0.5,0,0.5,0.5,1,269
1,1,0.5,0.5,0.5,0.5,0.5,0.5,0.5,1,0.5,0.5,0.5,0,1,1,0,0.5,0,0.5,1,0,0,0,0,1,0.5,1,0.5,0.5,0,1,379
1,1,0,0,0,0.5,1,1,1,1,0.5,0.5,1,0,1,1,0,0,0,0,1,0,0,0,0,1,1,1,0,0,0,1,197
1,1,0.5,0.5,0.5,0.5,0.5,0.5,1,1,0.5,0.5,1,0,1,1,0,0.5,0,0.5,1,0,0,0,0,1,0.5,1,0.5,0.5,0,1,213
1,1,0,0,0,0.5,0.5,0.5,1,1,0.5,0.5,1,0,1,1,0,0,0,0,1,0,0,0,0,1,0.5,1,0,0,0,1,228
0.5,1,0.5,0,1,0.5,1,1,1,1,1,0.5,1,0.5,0,0,1,1,1,0,0,0,1,0,0,1,1,0,0,0,0.5,0,81
1,0.5,0.5,0.5,0.5,0.5,0.5,0.5,0.5,1,1,1,0.5,0.5,1,1,0.5,0.5,0.5,0.5,0.5,0.5,0.5,0,0.5,0.5,0.5,0.5,0,0.5,0.5,1,260
1,1,0,0,0,1,0.5,0.5,1,1,1,1,1,0,0,0,0,0,0,0,1,0,0,0,0,1,0.5,1,0,0,0,0,274
1,1,0.5,0.5,0.5,0.5,0.5,0.5,0.5,1,0.5,0.5,0.5,0,0,0,0,0.5,0,0.5,1,0,0,0,0,1,0.5,1,0.5,0.5,0,0,471
0,0,0,0,0,0,0.5,0.5,1,0,0,0,1,0,0,0,0,0,0,0,0,0,0,0,0,0,0.5,1,0,0,0,0,12
0.5,1,0.5,0,1,0.5,1,1,0.5,1,1,0.5,0.5,0.5,0,0,1,1,1,0,0,0,1,0,0,1,1,0,0,0,0.5,0,263
1,1,0,1,1,1,0,0,0.5,1,1,0,0.5,0,1,1,0,1,0,1,1,0,0,0,0,1,0,1,0.5,1,1,1,133
1,1,0,0,0,0.5,0.5,0.5,0.5,1,0.5,0.5,0.5,0,0,0,0,0,0,0,1,0,0,0,0,1,0.5,1,0,0,0,0,265
0.5,1,0.5,0,1,0.5,0,0,1,1,1,0.5,1,0.5,0,0,1,1,1,0,0,0,1,0,0,1,0,0,0,0,0.5,0,64
1,1,0.5,0.5,0.5,0.5,0.5,0.5,1,1,0.5,0.5,1,0,1,1,0,0.5,0,0.5,1,0,0,0,0,1,0.5,1,0.5,0.5,0,1,189
0.5,1,0.5,0,1,0,0.5,0.5,0,1,1,0.5,0,0.5,1,1,1,1,1,0,0,0,1,0,0.5,0.5,0.5,0,0,0,0.5,1,40
0.5,1,0.5,0,1,0,0.5,0.5,0,1,1,0.5,0,0.5,0,0,1,1,1,0,0,0,1,0,0,0.5,0.5,0,0,0,0.5,0,322
1,0.5,0.5,0.5,0.5,0.5,0.5,0.5,0.5,1,1,1,0.5,0.5,0,0,0.5,0.5,0.5,0.5,0.5,1,0.5,0,0,0.5,0.5,0.5,0,0.5,0.5,0,95
0.5,1,0.5,0,1,0,1,1,0.5,1,1,0.5,0.5,0.5,1,1,1,1,1,0,0,0,1,0,0.5,0.5,1,0,0,0,0.5,1,27
0.5,1,0.5,0,1,0.5,0.5,0.5,0.5,1,1,0.5,0.5,0.5,1,1,1,1,1,0,0,0,1,0,1,1,0.5,0,0,0,0.5,1,252
1,1,0,0,0,0.5,0,0,0.5,1,0.5,0.5,0.5,0,0,0,0,0,0,0,1,0,0,0,0,1,0,1,0,0,0,0,293
0,0,0,0,0,0,0,0,0.5,0,0,0,0.5,0,1,1,0,0,0,0,0,0,0,0,0,0,0,1,0,0,0,1,7
1,1,0.5,0.5,0.5,0.5,0,0,0.5,1,0.5,0.5,0.5,0,0,0,0,0.5,0,0.5,1,0,0,0,0,1,0,1,0,0.5,0,0,392
1,0.5,0.5,0.5,0.5,0.5,1,1,0.5,1,1,1,0.5,0.5,0,0,0.5,0.5,0.5,0.5,0.5,1,0.5,0,0,0.5,1,0.5,0,0.5,0.5,0,93
0.5,1,0.5,0,1,0.5,0,0,0.5,1,1,0.5,0.5,0.5,1,1,1,1,1,0,0,0,1,0,1,1,0,0,0,0,0.5,1,40
0.5,1,0.5,0,1,0,0,0,0,1,1,0.5,0,0.5,1,1,1,1,1,0,0,0,1,0,0.5,0.5,0,0,0,0,0.5,1,50
0.5,1,0.5,0,1,0,1,1,0,1,1,0.5,0,0.5,0,0,1,1,1,0,0,0,1,0,0,0.5,1,0,0,0,0.5,0,337
0.5,1,0.5,0,1,0,0,0,0.5,1,1,0.5,0.5,0.5,1,1,1,1,1,0,0,0,1,0,0.5,0.5,0,0,0,0,0.5,1,18
1,1,0,0,0,0.5,0.5,0.5,1,1,0.5,0.5,1,0,1,1,0,0,0,0,1,0,0,0,0,1,0.5,1,0,0,0,1,219
1,1,0,1,1,1,0.5,0.5,0.5,1,1,0,0.5,0,1,1,0,1,0,1,1,0,0,0,0,1,0.5,1,0.5,1,1,1,133
0,0,0,0,0,0,0,0,0.5,0,0,0,0.5,0,1,1,0,0,1,0,0,0,1,0,0,0,0,1,0,0,0,1,3
1,1,0.5,0.5,0.5,0.5,0.5,0.5,1,1,0.5,0.5,1,0,0,0,0,0.5,0,0.5,1,0,0,0,0,1,0.5,1,0.5,0.5,0,0,222
0.5,1,0.5,0,1,0.5,0.5,0.5,1,1,1,0.5,1,0.5,1,1,1,1,1,0,0,0,1,0,1,1,0.5,0,0,0,0.5,1,73
0.5,1,0.5,0,1,0.5,1,1,1,1,1,0.5,1,0.5,1,1,1,1,1,0,0,0,1,0,1,1,1,0,0,0,0.5,1,72
0.5,1,0.5,0,1,0,0.5,0.5,0,1,1,0.5,0,0.5,1,1,1,1,1,0,0,0,1,0,0.5,0.5,0.5,0,0,0,0.5,1,38
0,0.5,0,0,0,1,1,1,0.5,0,0,0,0.5,0,1,1,0,0,1,0,0,0,1,0,0.5,0.5,1,1,0,0,0,1,4
0,0,0,0,0,0,0.5,0.5,0.5,0,0,0,0.5,0,0,0,0,0,0,0,0,0,0,0,0,0,0.5,1,0,0,0,0,14
0,0,0,0,0,0,0,0,0.5,0,0,0,0.5,0,0,0,0,0,0.5,0,0,1,0.5,0,0,0,0,1,0,0,0,0,9
1,1,0,1,1,1,0.5,0.5,1,1,1,0,1,0,1,1,0,1,0,1,1,0,0,0,0,1,0.5,1,1,1,1,1,87
1,0.5,0.5,0.5,0.5,0.5,0.5,0.5,0.5,1,1,1,0.5,0.5,0,0,0.5,0.5,0.5,0.5,0.5,1,0.5,0,0,0.5,0.5,0.5,0,0.5,0.5,0,123
0,0.5,0,0,0,1,1,1,0.5,0,0,0,0.5,0,1,1,0,0,0.5,0,0,0.5,0.5,0,0.5,0.5,1,1,0,0,0,1,9
1,1,0,1,1,1,1,1,0.5,1,1,0,0.5,0,1,1,0,1,0,1,1,0,0,0,0,1,1,1,0.5,1,1,1,133
1,1,0.5,0.5,0.5,0.5,0.5,0.5,1,1,0.5,0.5,1,0,0,0,0,0.5,0,0.5,1,0,0,0,0,1,0.5,1,0.5,0.5,0,0,171
0.5,1,0.5,0,1,0.5,0.5,0.5,0,1,1,0.5,0,0.5,1,1,1,1,1,0,0,0,1,0,1,1,0.5,0,0,0,0.5,1,301
0,0,0,0,0,0,0.5,0.5,1,0,0,0,1,0,0,0,0,0,0.5,0,0,1,0.5,0,0,0,0.5,1,0,0,0,0,14
0.5,1,0.5,0,1,0,0.5,0.5,0.5,1,1,0.5,0.5,0.5,1,1,1,1,1,0,0,0,1,0,0.5,0.5,0.5,0,0,0,0.5,1,24
0,0,0,0,0,0,0.5,0.5,0,0,0,0,0,0,0,0,0,0,0,0,0,0,0,0,0,0,0.5,1,0,0,0,0,11
0.5,1,0.5,0,1,0,1,1,0.5,1,1,0.5,0.5,0.5,0,0,1,1,1,0,0,0,1,0,0,0.5,1,0,0,0,0.5,0,72
0.5,1,0.5,0,1,0.5,0.5,0.5,1,1,1,0.5,1,0.5,0,0,1,1,1,0,0,0,1,0,0,1,0.5,0,0,0,0.5,0,74
0.5,1,0.5,0,1,0.5,0.5,0.5,1,1,1,0.5,1,0.5,1,1,1,1,1,0,0,0,1,0,1,1,0.5,0,0,0,0.5,1,68
0,0,0,0,0,0,1,1,1,0,0,0,1,0,0,0,0,0,0.5,0,0,1,0.5,0,0,0,1,1,0,0,0,0,16
0.5,1,0.5,0,1,0,0,0,0.5,1,1,0.5,0.5,0.5,0,0,1,1,1,0,0,0,1,0,0,0.5,0,0,0,0,0.5,0,62
0,0,0,0,0,0,0.5,0.5,0.5,0,0,0,0.5,0,0,0,0,0,0.5,0,0,1,0.5,0,0,0,0.5,1,0,0,0,0,8
0.5,1,0.5,0,1,0.5,0.5,0.5,0.5,1,1,0.5,0.5,0.5,1,1,1,1,1,0,0,0,1,0,1,1,0.5,0,0,0,0.5,1,57
1,0.5,0.5,0.5,0.5,0.5,0,0,0.5,1,1,1,0.5,0.5,0,0,0.5,0.5,0.5,0.5,0.5,1,0.5,0,0,0.5,0,0.5,0,0.5,0.5,0,89
0,0,0,0,0,0,0.5,0.5,0.5,0,0,0,0.5,0,0,0,0,0,0.5,0,0,1,0.5,0,0,0,0.5,1,0,0,0,0,13
1,1,0,1,1,1,0.5,0.5,1,1,1,0,1,0,0,0,0,1,0,1,1,0,0,0,0,1,0.5,1,1,1,1,0,74
0,0,0,0,0,0,0.5,0.5,0.5,0,0,0,0.5,0,1,1,0,0,0,0,0,0,0,0,0,0,0.5,1,0,0,0,1,12
0.5,1,0.5,0,1,0.5,0.5,0.5,0.5,1,1,0.5,0.5,0.5,1,1,1,1,1,0,0,0,1,0,1,1,0.5,0,0,0,0.5,1,44
0,0,0,0,0,0,1,1,0.5,0,0,0,0.5,0,0,0,0,0,0.5,0,0,1,0.5,0,0,0,1,1,0,0,0,0,12
0,0.5,0,0,0,1,0.5,0.5,0.5,0,0,0,0.5,0,1,1,0,0,0.5,0,0,0.5,0.5,0,0.5,0.5,0.5,1,0,0,0,1,4
0.5,1,0.5,0,1,0,0.5,0.5,0.5,1,1,0.5,0.5,0.5,1,1,1,1,1,0,0,0,1,0,0.5,0.5,0.5,0,0,0,0.5,1,15
0,0.5,0,0,0,1,1,1,0.5,0,0,0,0.5,0,1,1,0,0,1,0,0,0,1,0,0.5,0.5,1,1,0,0,0,1,4
0,0,0,0,0,0,1,1,0.5,0,0,0,0.5,0,0,0,0,0,0,0,0,0,0,0,0,0,1,1,0,0,0,0,7
0.5,1,0.5,0,1,0.5,1,1,0.5,1,1,0.5,0.5,0.5,1,1,1,1,1,0,0,0,1,0,1,1,1,0,0,0,0.5,1,52
1,1,0,0,0,0,1,1,0.5,1,0,0,0.5,0,0,0,0,0,0,0,1,0,0,0,0,1,1,1,0,0,0,0,5
0.5,1,0.5,0,1,0,1,1,0,1,1,0.5,0,0.5,1,1,1,1,1,0,0,0,1,0,0.5,0.5,1,0,0,0,0.5,1,45
1,1,0,0,0,0,0.5,0.5,1,1,0,0,1,0,0,0,0,0,0,0,1,0,0,0,0,1,0.5,1,0,0,0,0,6
0,0,0,0,0,0,1,1,0.5,0,0,0,0.5,0,1,1,0,0,0.5,0,0,0.5,0.5,0,0,0,1,1,0,0,0,1,5
0,0,0,0,0,0,0.5,0.5,0.5,0,0,0,0.5,0,0,0,0,0,0.5,0,0,1,0.5,0,0,0,0.5,1,0,0,0,0,5
0,0,0,0,0,0,1,1,0,0,0,0,0,0,0,0,0,0,0.5,0,0,1,0.5,0,0,0,1,1,0,0,0,0,7
0,0,0,0,0,0,0.5,0.5,1,0,0,0,1,0,1,1,0,0,0.5,0,0,0.5,0.5,0,0,0,0.5,1,0,0,0,1,8
0,0,0,0,0,0,1,1,0.5,0,0,0,0.5,0,0,0,0,0,0.5,0,0,1,0.5,0,0,0,1,1,0,0,0,0,15
0,0.5,0,0,0,1,0,0,0,0,0,0,0,0,1,1,0,0,0.5,0,0,0.5,0.5,0,0.5,0.5,0,1,0,0,0,1,8
0,0,0,0,0,0,0.5,0.5,0.5,0,0,0,0.5,0,1,1,0,0,0,0,0,0,0,0,0,0,0.5,1,0,0,0,1,4
0,0.5,0,0,0,1,0,0,0.5,0,0,0,0.5,0,1,1,0,0,0.5,0,0,0.5,0.5,0,0.5,0.5,0,1,0,0,0,1,6
0,1,0,0,0,0,1,1,0.5,0,0,0,0.5,0,1,1,0,0,1,0,0,0,1,0,1,1,1,1,0,0,0,1,5
1,1,0,0,0,0,0,0,0.5,1,0,0,0.5,0,1,1,0,0,0,0,1,0,0,0,0,1,0,1,0,0,0,1,5
0,0,0,0,0,0,0.5,0.5,0,0,0,0,0,0,1,1,0,0,0,0,0,0,0,0,0,0,0.5,1,0,0,0,1,6
0,0.5,0,0,0,1,0.5,0.5,0.5,0,0,0,0.5,0,1,1,0,0,0.5,0,0,0.5,0.5,0,0.5,0.5,0.5,1,0,0,0,1,4
0,0,0,0,0,0,0.5,0.5,0,0,0,0,0,0,0,0,0,0,0.5,0,0,1,0.5,0,0,0,0.5,1,0,0,0,0,9
0,0.5,0,0,0,1,0.5,0.5,0.5,0,0,0,0.5,0,1,1,0,0,0.5,0,0,0.5,0.5,0,0.5,0.5,0.5,1,0,0,0,1,7
0,0,0,0,0,0,1,1,0.5,0,0,0,0.5,0,1,1,0,0,0,0,0,0,0,0,0,0,1,1,0,0,0,1,12
0,0,0,0,0,0,0.5,0.5,0.5,0,0,0,0.5,0,0,0,0,0,0.5,0,0,1,0.5,0,0,0,0.5,1,0,0,0,0,8
0,0.5,0,0,0,1,1,1,0.5,0,0,0,0.5,0,1,1,0,0,0.5,0,0,0.5,0.5,0,0.5,0.5,1,1,0,0,0,1,6
0,0,0,0,0,0,0.5,0.5,0,0,0,0,0,0,1,1,0,0,1,0,0,0,1,0,0,0,0.5,1,0,0,0,1,3
0,0,0,0,0,0,1,1,0.5,0,0,0,0.5,0,0,0,0,0,1,0,0,0,1,0,0,0,1,1,0,0,0,0,10
0,0,0,0,0,0,0.5,0.5,0.5,0,0,0,0.5,0,0,0,0,0,1,0,0,0,1,0,0,0,0.5,1,0,0,0,0,6
0,0,0,0,0,0,0.5,0.5,1,0,0,0,1,0,1,1,0,0,0,0,0,0,0,0,0,0,0.5,1,0,0,0,1,6
0,0,0,0,0,0,0,0,0.5,0,0,0,0.5,0,1,1,0,0,0.5,0,0,0.5,0.5,0,0,0,0,1,0,0,0,1,5
0,0.5,0,0,0,1,0.5,0.5,0.5,0,0,0,0.5,0,1,1,0,0,1,0,0,0,1,0,0.5,0.5,0.5,1,0,0,0,1,4
0,1,0,0,0,0,0.5,0.5,0.5,0,0,0,0.5,0,1,1,0,0,1,0,0,0,1,0,1,1,0.5,1,0,0,0,1,4
0,0.5,0,0,0,1,0.5,0.5,1,0,0,0,1,0,1,1,0,0,0.5,0,0,0.5,0.5,0,0.5,0.5,0.5,1,0,0,0,1,6
0,0,0,0,0,0,0.5,0.5,0,0,0,0,0,0,0,0,0,0,1,0,0,0,1,0,0,0,0.5,1,0,0,0,0,9
1,1,0,0,0,0,0.5,0.5,0.5,1,0,0,0.5,0,0,0,0,0,0,0,1,0,0,0,0,1,0.5,1,0,0,0,0,5
0,0,0,0,0,0,1,1,0.5,0,0,0,0.5,0,1,1,0,0,1,0,0,0,1,0,0,0,1,1,0,0,0,1,3
0,0,0,0,0,0,1,1,1,0,0,0,1,0,1,1,0,0,0.5,0,0,0.5,0.5,0,0,0,1,1,0,0,0,1,6
0,1,0,0,0,0,0,0,0.5,0,0,0,0.5,0,1,1,0,0,1,0,0,0,1,0,1,1,0,1,0,0,0,1,3
0,1,0,0,0,0,0.5,0.5,1,0,0,0,1,0,1,1,0,0,1,0,0,0,1,0,1,1,0.5,1,0,0,0,1,4
0,0,0,0,0,0,0.5,0.5,0.5,0,0,0,0.5,0,1,1,0,0,0.5,0,0,0.5,0.5,0,0,0,0.5,1,0,0,0,1,8
0,1,0,0,0,0,0.5,0.5,0.5,0,0,0,0.5,0,1,1,0,0,1,0,0,0,1,0,1,1,0.5,1,0,0,0,1,3
0,0.5,0,0,0,1,0.5,0.5,0,0,0,0,0,0,1,1,0,0,0.5,0,0,0.5,0.5,0,0.5,0.5,0.5,1,0,0,0,1,6
0,0.5,0,0,0,1,0.5,0.5,1,0,0,0,1,0,1,1,0,0,1,0,0,0,1,0,0.5,0.5,0.5,1,0,0,0,1,4
0,0,0,0,0,0,0.5,0.5,0.5,0,0,0,0.5,0,0,0,0,0,1,0,0,0,1,0,0,0,0.5,1,0,0,0,0,13
0,0,0,0,0,0,0,0,0,0,0,0,0,0,1,1,0,0,0.5,0,0,0.5,0.5,0,0,0,0,1,0,0,0,1,7
0,0,0,0,0,0,0.5,0.5,1,0,0,0,1,0,0,0,0,0,0.5,0,0,1,0.5,0,0,0,0.5,1,0,0,0,0,11
0,0.5,0,0,0,1,0.5,0.5,0,0,0,0,0,0,1,1,0,0,0.5,0,0,0.5,0.5,0,0.5,0.5,0.5,1,0,0,0,1,6
0,0,0,0,0,0,1,1,0,0,0,0,0,0,1,1,0,0,0.5,0,0,0.5,0.5,0,0,0,1,1,0,0,0,1,6
0,0,0,0,0,0,0.5,0.5,0.5,0,0,0,0.5,0,1,1,0,0,0.5,0,0,0.5,0.5,0,0,0,0.5,1,0,0,0,1,5
0,0,0,0,0,0,0,0,0,0,0,0,0,0,0,0,0,0,0.5,0,0,1,0.5,0,0,0,0,1,0,0,0,0,6
0,0,0,0,0,0,0.5,0.5,0.5,0,0,0,0.5,0,1,1,0,0,0.5,0,0,0.5,0.5,0,0,0,0.5,1,0,0,0,1,8
1,1,0,0,0,0,0.5,0.5,0,1,0,0,0,0,0,0,0,0,0,0,1,0,0,0,0,1,0.5,1,0,0,0,0,5
0,0,0,0,0,0,0,0,0.5,0,0,0,0.5,0,0,0,0,0,1,0,0,0,1,0,0,0,0,1,0,0,0,0,10
0,0,0,0,0,0,0,0,0.5,0,0,0,0.5,0,0,0,0,0,0,0,0,0,0,0,0,0,0,1,0,0,0,0,4
0,0.5,0,0,0,1,0,0,0.5,0,0,0,0.5,0,1,1,0,0,0.5,0,0,0.5,0.5,0,0.5,0.5,0,1,0,0,0,1,3
0,0.5,0,0,0,1,0.5,0.5,0.5,0,0,0,0.5,0,1,1,0,0,0.5,0,0,0.5,0.5,0,0.5,0.5,0.5,1,0,0,0,1,4
0,0.5,0,0,0,1,1,1,1,0,0,0,1,0,1,1,0,0,1,0,0,0,1,0,0.5,0.5,1,1,0,0,0,1,4
0,0,0,0,0,0,0.5,0.5,0.5,0,0,0,0.5,0,0,0,0,0,0,0,0,0,0,0,0,0,0.5,1,0,0,0,0,6
0,0,0,0,0,0,0.5,0.5,0.5,0,0,0,0.5,0,1,1,0,0,0.5,0,0,0.5,0.5,0,0,0,0.5,1,0,0,0,1,5
0,0,0,0,0,0,0.5,0.5,0,0,0,0,0,0,0,0,0,0,0.5,0,0,1,0.5,0,0,0,0.5,1,0,0,0,0,9
0,0.5,0,0,0,1,0.5,0.5,0,0,0,0,0,0,1,1,0,0,1,0,0,0,1,0,0.5,0.5,0.5,1,0,0,0,1,4
0,0,0,0,0,0,0,0,0.5,0,0,0,0.5,0,0,0,0,0,0.5,0,0,1,0.5,0,0,0,0,1,0,0,0,0,3
0,0,0,0,0,0,0.5,0.5,1,0,0,0,1,0,0,0,0,0,1,0,0,0,1,0,0,0,0.5,1,0,0,0,0,7
0,0,0,0,0,0,0,0,1,0,0,0,1,0,0,0,0,0,0.5,0,0,1,0.5,0,0,0,0,1,0,0,0,0,10
0,0.5,0,0,0,1,1,1,1,0,0,0,1,0,1,1,0,0,0.5,0,0,0.5,0.5,0,0.5,0.5,1,1,0,0,0,1,4
0,0,0,0,0,0,1,1,0.5,0,0,0,0.5,0,1,1,0,0,0.5,0,0,0.5,0.5,0,0,0,1,1,0,0,0,1,5
0,0,0,0,0,0,0,0,1,0,0,0,1,0,1,1,0,0,0.5,0,0,0.5,0.5,0,0,0,0,1,0,0,0,1,4
0,0.5,0,0,0,1,0.5,0.5,1,0,0,0,1,0,1,1,0,0,0.5,0,0,0.5,0.5,0,0.5,0.5,0.5,1,0,0,0,1,4
0,0.5,0,0,0,1,0,0,1,0,0,0,1,0,1,1,0,0,0.5,0,0,0.5,0.5,0,0.5,0.5,0,1,0,0,0,1,7
0.333333333333333,0.333333333333333,0,0,0,0.666666666666667,1,1,0,0.333333333333333,0,0,0,0,1,1,0,0,0,0,0.333333333333333,0,0,0,0,0.333333333333333,1,1,0,0,0,1,119
0.666666666666667,0.666666666666667,0,0,0,0.666666666666667,0,0,0,0.666666666666667,0,0,0,0,0,0,0,0,0,0,0.666666666666667,0,0,0,0,0.666666666666667,0,1,0,0,0,0,39
0.666666666666667,0.666666666666667,0,0,0,0.666666666666667,0,0,0,0.666666666666667,0,0,0,0,1,1,0,0,0,0,0.666666666666667,0,0,0,0,0.666666666666667,0,1,0,0,0,1,51
0.333333333333333,0.333333333333333,0,0,0,0.666666666666667,0,0,0,0.333333333333333,0,0,0,0,1,1,0,0,0,0,0.333333333333333,0,0,0,0,0.333333333333333,0,1,0,0,0,1,88
0.333333333333333,0.333333333333333,0,0,0,0.666666666666667,0,0,0,0.333333333333333,0,0,0,0,0,0,0,0,0,0,0.333333333333333,0,0,0,0,0.333333333333333,0,1,0,0,0,0,98
0.666666666666667,0.666666666666667,0,0,0,0.666666666666667,1,1,0,0.666666666666667,0,0,0,0,0,0,0,0,0,0,0.666666666666667,0,0,0,0,0.666666666666667,1,1,0,0,0,0,30
0.666666666666667,0.666666666666667,0,0,0,0.666666666666667,1,1,0,0.666666666666667,0,0,0,0,1,1,0,0,0,0,0.666666666666667,0,0,0,0,0.666666666666667,1,1,0,0,0,1,46
0.333333333333333,0.333333333333333,0,0,0,0.666666666666667,1,1,0,0.333333333333333,0,0,0,0,0,0,0,0,0,0,0.333333333333333,0,0,0,0,0.333333333333333,1,1,0,0,0,0,100
0.333333333333333,0.333333333333333,0,0,0,0.666666666666667,0.5,0.5,0,0.333333333333333,0,0,0,0,0,0,0,0,0,0,0.333333333333333,0,0,0,0,0.333333333333333,0.5,1,0,0,0,0,182
0.333333333333333,0.333333333333333,0,0,0,0.666666666666667,0.5,0.5,0,0.333333333333333,0,0,0,0,1,1,0,0,0,0,0.333333333333333,0,0,0,0,0.333333333333333,0.5,1,0,0,0,1,223
0.666666666666667,0.666666666666667,0,0,0,0.666666666666667,0.5,0.5,0,0.666666666666667,0,0,0,0,0,0,0,0,0,0,0.666666666666667,0,0,0,0,0.666666666666667,0.5,1,0,0,0,0,90
0.666666666666667,0.666666666666667,0,0,0,0.666666666666667,0.5,0.5,0,0.666666666666667,0,0,0,0,1,1,0,0,0,0,0.666666666666667,0,0,0,0,0.666666666666667,0.5,1,0,0,0,1,98
